<?xml version="1.0" encoding="UTF-8"?>

<IDataXMLCoder version="1.0">
  <record javaclass="com.wm.data.ISMemDataImpl">
    <idatacodable name="fragment" javaclass="com.wm.app.prt.model.PRTFragmentDef">
      <number name="version" type="java.lang.Integer">3</number>
      <value name="modelId">HelloDBP/HelloProcess</value>
      <value name="modelVersion">1</value>
      <value name="modelName">HelloProcess</value>
      <value name="packageName">HelloDBP</value>
      <value name="fragmentId">Default</value>
      <value name="focalRole">Focal role</value>
      <value name="triggerName">HelloDBP.HelloProcess.HelloProcess_1.Default:transitionTrigger</value>
      <value name="inputTriggerName">HelloDBP.HelloProcess.Default:subscriptionTrigger</value>
      <value name="synch">false</value>
      <value name="minimumLogLevel">5</value>
      <value name="volGlobalData">false</value>
      <value name="usesJMS">false</value>
      <value name="usesEDA">false</value>
      <value name="useVersion97EscalationPolicy">true</value>
      <value name="singleServer">true</value>
      <value name="timeoutMs">0</value>
      <null name="timeout"/>
      <value name="processTimeoutMs">0</value>
      <value name="processTimeoutExpr"></value>
      <null name="processTimeoutBusiness"/>
      <value name="processTimeoutType">relative</value>
      <null name="error"/>
      <null name="cancel"/>
      <null name="userProps"/>
      <null name="partnerLinks"/>
      <null name="properties"/>
      <null name="globalVariables"/>
      <null name="businessCalendarAlias"/>
      <array name="steps" type="idatacodable" depth="1">
        <idatacodable javaclass="com.wm.app.prt.model.StartMessageEvent">
          <value name="stepId">S3</value>
          <value name="stepLabel">Start ThingAlert</value>
          <value name="isSynchronizationPoint">false</value>
          <array name="inputs" type="idatacodable" depth="1">
            <idatacodable javaclass="com.wm.app.prt.model.PRTPublishedDocInputDef">
              <value name="docName">ThingAlert</value>
              <value name="docType">HelloEvents:ThingAlert</value>
              <value name="filter"></value>
              <value name="subprExit">false</value>
            </idatacodable>
          </array>
          <value name="servicePackage">HelloDBP</value>
          <value name="serviceName">HelloDBP.HelloProcess.HelloProcess_1.Default:Start_ThingAlert</value>
          <value name="stepRetryCount">0</value>
          <value name="stepRetryInterval">60000</value>
          <value name="skip">false</value>
          <value name="parallelExecute">false</value>
          <value name="interrupting">false</value>
          <value name="usesEDA">false</value>
        </idatacodable>
      </array>
    </idatacodable>
    <Date name="timestamp" type="java.util.Date">Fri Dec 08 15:21:46 EST 2017</Date>
  </record>
</IDataXMLCoder>
