[{"assetType":"Policy","assetObject":{"name":"Transaction logging[Global Policy]","id":"GlobalLogInvocationPolicy","status":"Success","explanation":"OK"}},{"assetType":"Policy","assetObject":{"name":"Policy For API test[1.0]","id":"a9fb5a87-2bca-47db-9674-8c4527c87a11","status":"Success","explanation":"OK"}},{"assetType":"PolicyAction","assetObject":{"name":"Policy Action [Straight Through Routing] -> Policy For API test[1.0]","id":"f129f0ef-86f1-4acd-9bea-e4501618aa5d","status":"Success","explanation":"OK"}},{"assetType":"PolicyAction","assetObject":{"name":"Policy Action [Validate HTTP Headers] -> Policy For API HelloDBP_APIGateway[1.0]","id":"f89a20c1-e9c7-4add-ad50-16ce3a07ef35","status":"Success","explanation":"OK"}},{"assetType":"PortalGateway","assetObject":{"name":"API_Portal","id":"b3142256-4020-4c49-aef1-ae6ea8e16a55","status":"Success","explanation":"OK"}},{"assetType":"API","assetObject":{"name":"test[1.0]","id":"0f0fda66-cfe7-4f2f-88d3-abf0467a1666","status":"Success","explanation":"OK"}},{"assetType":"Alias","assetObject":{"name":"OKTA","id":"351eea4e-95af-4cca-80d0-1eb6db0563f1","status":"Success","explanation":"OK"}},{"assetType":"API","assetObject":{"name":"HelloDBP_APIGateway[1.0]","id":"3a47a5d4-121a-4fcc-b1af-3b44b7f165e1","status":"Success","explanation":"OK"}},{"assetType":"PolicyAction","assetObject":{"name":"Policy Action [Require HTTP / HTTPS] -> Policy For API HelloDBP_APIGateway[1.0]","id":"56f80026-03d3-4a14-a540-2d05a8813fd1","status":"Success","explanation":"OK"}},{"assetType":"Policy","assetObject":{"name":"Policy For API HelloDBP_APIGateway[1.0]","id":"29172fac-6b6e-497a-ae88-84cf3d75f7f3","status":"Success","explanation":"OK"}},{"assetType":"AdministratorSetting","assetObject":{"name":"mobileApp","id":"mobileApp","status":"Success","explanation":"OK"}},{"assetType":"PolicyAction","assetObject":{"name":"Policy Action [Conditional Error Processing] -> Policy For API HelloDBP_APIGateway[1.0]","id":"69ff3bb2-5ed1-4077-b8c5-9790c36218eb","status":"Success","explanation":"OK"}},{"assetType":"PolicyAction","assetObject":{"name":"Policy Action [Straight Through Routing] -> Policy For API HelloDBP_APIGateway[1.0]","id":"e90cc6f7-1be0-4672-b0c1-59a6757ced70","status":"Success","explanation":"OK"}},{"assetType":"PolicyAction","assetObject":{"name":"Policy Action [Require HTTP / HTTPS] -> Policy For API test[1.0]","id":"0b55da8a-a9e4-4e41-b93a-78b7327715c5","status":"Success","explanation":"OK"}},{"assetType":"Alias","assetObject":{"name":"PingFederate","id":"e47e8326-8799-4f50-8e9b-e185ec8414f2","status":"Success","explanation":"OK"}},{"assetType":"PolicyAction","assetObject":{"name":"Policy Action [Log Invocation] -> Transaction logging","id":"GlobalLogInvocationPolicyAction","status":"Success","explanation":"OK"}},{"assetType":"PolicyAction","assetObject":{"name":"Policy Action [Log Invocation] -> Policy For API HelloDBP_APIGateway[1.0]","id":"f249c27a-7934-42d3-8cdb-e8912023e0e8","status":"Success","explanation":"OK"}}]